ID,Статус
64996,
71837,
86587,
73673,
54709,
56072,
77774,
90707,
76202,
74726,
85593,
68559,
87888,
87776,
71695,
74858,
81454,
52050,
55383,
80881,
75272,
70977,
83986,
77515,
69855,
82595,
75650,
86783,
65316,
54182,
74820,
74462,
45349,
78573,
77799,
69634,
54453,
49321,
51873,
58345,
85113,
67325,
73410,
82136,
70754,
67922,
83687,
67030,
65086,
82182,
77077,
88374,
84428,
77188,
82117,
47830,
74598,
86564,
92488,
67573,
65017,
63530,
49128,
74592,
82365,
76524,
49420,
57499,
45673,
51456,
78732,
76151,
70006,
45847,
67697,
72759,
55629,
66724,
66385,
50060,
71127,
55303,
73003,
72172,
78492,
70797,
74728,
66824,
65866,
65969,
77893,
105274,
49698,
56829,
52365,
55505,
54634,
68798,
81276,
71587,
55638,
79669,
75464,
86953,
65813,
72270,
83568,
67538,
73074,
66750,
55632,
83020,
73699,
67968,
66775,
77357,
71030,
48931,
49903,
45594,
55310,
58837,
48585,
54200,
57201,
84893,
67693,
86547,
55473,
81818,
67785,
87236,
83598,
55337,
73167,
90072,
48290,
89010,
68728,
71830,
67660,
78354,
54819,
88590,
71481,
49212,
85697,
88678,
57442,
66481,
44964,
88108,
58021,
73013,
48604,
74827,
54950,
81794,
75800,
80096,
83918,
68604,
65385,
73251,
70295,
72611,
75017,
65062,
56295,
59718,
54994,
86413,
63511,
91896,
72810,
55491,
73499,
82869,
70730,
67078,
57716,
79474,
76937,
86662,
46811,
83418,
49158,
67934,
80392,
71424,
74414,
76631,
81650,
70500,
49463,
72218,
67512,
75448,
77997,
81112,
84065,
83146,
78325,
48871,
87997,
47888,
86862,
86741,
67493,
81402,
76103,
80094,
69624,
85094,
56728,
88310,
67369,
87836,
68355,
49954,
81754,
70104,
91189,
52139,
86779,
55639,
56812,
70758,
72712,
67533,
76017,
83150,
71717,
86570,
55643,
72023,
70297,
71798,
55170,
78498,
82296,
49323,
65625,
75351,
66023,
82326,
77807,
54538,
92835,
78565,
56880,
82425,
66513,
52907,
70825,
72299,
77135,
75161,
66694,
73502,
84402,
67036,
46050,
52159,
78062,
81387,
85583,
51253,
49172,
47967,
54102,
54066,
76115,
69762,
65003,
87837,
55398,
74513,
74956,
78758,
84200,
74768,
58787,
65048,
75801,
86332,
70514,
71716,
53999,
49236,
68458,
56639,
66328,
85731,
77833,
74559,
78025,
76871,
83596,
92181,
63447,
81534,
67459,
86770,
85723,
67207,
70826,
67654,
82131,
49967,
72512,
65182,
71326,
49298,
47879,
67784,
90901,
67722,
70225,
69619,
72641,
51900,
74707,
54304,
84763,
69957,
76845,
86589,
49955,
89717,
52920,
74635,
71313,
70757,
89691,
89723,
81445,
76750,
84814,
86147,
71632,
81960,
75765,
74418,
65829,
78536,
70187,
77171,
47818,
65099,
72199,
74312,
65407,
49759,
81105,
73133,
59730,
86956,
85028,
89176,
70674,
66350,
77214,
81779,
88017,
78827,
67224,
56640,
56957,
67907,
87686,
70369,
86718,
71181,
76418,
46109,
50139,
66327,
88535,
66980,
71743,
65057,
57360,
73766,
88427,
55961,
87060,
50614,
48432,
66530,
65115,
74734,
81367,
49859,
69879,
67262,
47355,
73658,
52147,
86798,
70126,
71757,
50845,
87675,
81664,
77199,
70284,
72228,
49775,
101751,
86388,
88634,
56195,
82837,
75287,
70323,
68757,
67170,
66740,
84083,
67067,
68665,
54864,
67112,
107228,
46675,
81332,
70775,
70509,
73108,
55388,
85738,
54402,
88303,
73028,
86986,
66353,
83655,
72589,
66939,
47974,
84187,
78508,
74918,
71444,
67612,
67855,
85704,
70780,
81741,
67161,
47038,
90319,
65315,
57160,
76290,
65529,
78504,
92359,
67955,
65170,
67729,
48159,
79612,
73481,
76425,
55676,
90970,
76285,
82418,
66070,
67393,
88107,
78617,
90588,
74776,
49505,
72597,
58385,
65777,
49811,
58307,
75676,
71523,
74823,
70455,
90292,
77786,
78883,
67053,
79421,
77528,
48390,
106682,
71982,
91191,
83934,
72858,
54316,
56893,
65138,
69958,
71762,
84661,
83200,
71294,
83960,
90759,
88183,
82429,
52370,
83696,
76072,
77858,
57323,
58812,
83591,
70107,
54806,
77669,
46911,
65930,
71769,
75215,
83818,
75493,
92518,
48854,
81162,
48832,
45338,
71959,
67218,
74446,
85130,
70025,
48422,
92670,
57444,
50851,
113374,
65563,
86794,
76193,
66227,
93258,
83767,
75973,
77091,
51802,
47044,
77179,
66158,
81062,
86572,
66721,
66175,
72746,
70243,
82795,
51658,
83339,
54317,
65990,
74713,
77291,
49807,
49443,
86356,
76484,
71504,
90465,
75077,
90011,
74386,
54190,
70413,
87030,
48408,
52027,
77826,
67066,
69839,
50072,
67254,
50350,
66140,
74539,
82323,
88022,
71207,
49799,
82352,
50285,
71449,
49527,
78398,
67011,
71279,
74761,
75419,
81246,
65386,
81371,
87933,
66745,
58828,
55665,
64921,
81825,
65806,
86529,
52320,
55115,
76707,
44819,
77044,
58802,
45841,
84951,
83790,
58894,
48529,
55154,
48835,
54466,
92603,
81123,
65419,
83685,
69010,
68239,
55460,
70900,
83245,
88299,
78264,
87202,
86100,
72239,
66987,
66432,
70548,
49494,
72291,
66872,
74733,
65809,
70385,
57328,
75720,
48799,
70543,
83525,
75485,
86988,
75704,
82689,
75105,
75304,
69955,
75936,
82448,
86646,
52378,
68335,
49395,
86781,
49224,
67840,
68867,
85865,
72625,
55490,
71170,
69837,
49464,
70486,
72784,
69712,
71977,
69849,
55633,
72707,
57168,
90445,
56886,
73760,
51489,
71662,
91991,
56767,
68423,
81533,
70718,
66072,
83917,
78610,
92529,
76224,
68128,
84453,
74899,
55630,
68411,
67049,
67041,
57704,
48857,
44948,
66528,
65438,
71399,
81823,
71876,
55463,
73252,
80772,
75237,
54874,
55617,
77017,
76872,
77791,
72372,
49971,
45484,
78361,
81667,
72176,
90605,
71248,
78476,
70410,
76435,
57251,
49209,
91011,
71636,
45880,
92180,
71340,
85115,
67423,
75025,
51023,
49287,
67388,
52170,
78549,
71782,
68565,
88672,
90704,
57802,
56842,
87496,
71825,
70171,
47872,
70777,
82339,
72844,
83647,
49297,
71395,
51187,
87241,
70695,
49743,
87119,
59722,
49712,
51062,
81410,
88674,
70077,
76250,
83248,
59695,
88705,
74428,
88091,
75029,
66299,
66805,
67643,
77750,
59013,
48160,
68144,
45254,
66526,
54187,
69759,
74330,
66823,
59723,
74487,
67630,
54131,
83266,
45592,
67732,
86712,
79829,
51738,
72637,
84412,
55418,
83419,
83551,
57941,
51729,
70308,
56832,
72842,
45774,
75286,
82826,
67997,
85896,
45112,
57170,
72420,
49434,
81524,
79360,
67611,
72750,
46072,
75353,
66129,
56771,
77024,
70913,
77803,
84070,
81207,
49156,
88253,
56007,
76615,
106991,
58850,
65896,
74291,
55159,
68160,
86745,
73705,
76264,
79822,
88490,
75344,
75569,
70277,
72094,
78567,
67648,
67240,
87309,
65283,
70654,
87864,
65423,
71697,
50113,
67225,
68865,
56862,
76563,
70859,
49729,
90785,
84464,
92689,
72153,
74868,
102122,
56197,
76617,
67839,
81448,
74285,
88514,
81792,
69582,
82209,
51141,
72283,
46046,
85066,
49303,
75349,
72154,
75805,
72559,
48445,
71330,
72998,
72809,
74911,
72236,
82325,
72593,
44844,
82155,
76655,
75240,
50885,
83686,
80176,
75184,
78515,
71681,
71962,
87249,
76260,
86367,
71541,
76152,
71700,
76820,
81855,
63525,
82512,
45817,
53205,
57509,
70709,
49789,
49473,
89640,
78635,
66421,
57393,
67870,
65215,
74682,
85721,
68735,
66633,
72401,
83970,
81804,
75483,
72461,
88824,
77509,
88138,
74722,
78435,
76334,
77827,
47611,
65785,
76728,
71353,
65227,
75535,
84442,
48602,
70204,
75369,
50071,
71928,
71561,
84846,
76231,
49551,
86516,
76958,
71888,
72620,
81272,
49509,
76313,
79951,
72537,
90755,
80173,
76511,
51479,
70653,
83703,
56682,
84261,
75302,
69408,
45401,
87962,
65267,
75069,
72167,
72718,
55448,
73449,
77089,
51500,
77527,
72521,
55431,
71910,
48426,
83756,
49769,
68422,
66954,
75745,
90066,
70031,
71492,
76445,
56607,
73045,
71535,
64961,
70571,
57372,
55929,
51775,
87711,
74923,
83136,
73242,
57556,
51477,
65197,
66478,
70177,
68217,
77463,
65575,
79197,
66145,
86134,
50005,
76361,
65957,
106152,
82779,
51190,
55378,
70763,
55640,
85861,
86475,
74533,
76496,
65512,
81530,
45751,
83666,
81563,
49218,
52161,
72580,
54302,
67689,
45333,
56732,
90696,
71304,
74429,
58377,
75609,
74523,
57386,
84000,
68120,
44846,
54153,
53087,
70360,
72421,
65549,
44953,
59123,
56745,
67083,
86568,
67767,
49269,
68826,
49457,
77051,
56953,
49495,
71660,
75732,
71465,
72013,
65421,
65255,
75771,
65960,
90278,
57494,
88166,
87163,
76539,
76862,
66684,
90658,
82626,
70426,
67354,
71934,
74851,
70679,
57443,
68299,
76035,
91510,
81352,
48808,
76086,
50941,
45619,
67921,
75171,
67651,
86171,
59553,
67535,
46053,
72686,
82168,
49737,
74769,
83449,
54890,
74329,
67996,
76341,
101902,
77359,
86302,
47349,
45332,
71751,
77432,
66971,
59002,
68392,
73144,
78662,
83536,
82241,
78749,
73005,
63552,
56983,
67490,
49127,
71667,
85713,
76548,
71154,
75144,
75667,
78410,
75235,
50661,
87886,
65815,
48516,
77732,
67466,
74384,
49578,
45358,
56960,
82707,
65117,
51151,
75095,
75126,
72116,
65441,
50037,
48842,
71536,
73640,
74894,
64943,
66758,
69728,
49541,
83391,
83843,
84033,
75949,
53927,
103967,
71870,
88095,
75390,
75488,
71061,
68057,
53831,
77635,
86404,
49488,
73107,
74431,
75137,
83091,
76148,
47887,
65415,
73180,
76507,
88176,
68822,
77836,
87196,
87132,
66431,
75828,
67308,
70102,
86634,
56901,
49205,
84779,
66407,
51206,
77695,
89732,
81163,
66209,
80933,
76979,
51502,
87773,
87834,
66533,
74804,
69053,
66281,
74846,
73188,
71823,
75367,
49797,
77760,
49616,
71559,
70708,
76299,
66982,
57817,
65584,
65258,
74270,
71334,
55479,
67046,
71062,
73763,
50913,
75536,
66839,
104094,
68662,
52918,
67102,
50303,
86240,
83662,
48532,
91728,
45402,
67685,
87271,
67858,
84841,
82104,
77945,
72026,
78695,
66547,
67594,
88185,
67398,
66649,
75000,
83908,
65555,
67264,
81691,
87446,
76640,
70874,
67282,
75550,
81457,
83563,
51451,
82433,
82499,
70751,
68692,
55950,
56303,
77249,
55470,
56029,
78753,
50151,
77870,
83310,
67386,
68820,
57552,
49787,
78754,
92451,
67951,
52144,
45279,
56977,
73136,
45710,
88581,
70787,
56948,
82472,
67570,
76977,
86647,
72161,
67150,
69086,
66215,
71108,
50847,
74378,
82455,
83797,
45913,
76074,
79194,
57438,
74336,
66468,
89235,
50273,
71679,
89733,
52115,
66124,
49680,
69659,
87131,
76738,
72869,
81567,
67527,
86618,
72109,
77478,
74953,
70155,
89799,
59527,
82994,
66796,
63527,
45322,
68987,
92439,
49542,
56023,
72969,
68122,
84308,
81245,
77518,
70670,
81690,
81532,
71459,
49189,
66593,
65399,
84719,
76839,
74392,
58118,
65165,
82788,
84046,
59683,
92245,
72633,
76515,
70610,
67888,
72196,
45262,
66563,
66002,
74806,
92973,
86162,
75308,
46944,
82675,
50359,
72900,
81412,
88903,
81375,
83532,
69919,
92936,
83716,
82171,
71049,
77712,
73099,
79663,
58288,
77546,
71744,
86888,
71641,
75820,
76189,
46671,
49258,
49657,
72980,
66622,
90482,
70703,
66062,
79755,
71390,
65974,
70478,
69888,
76008,
74609,
51720,
65922,
72626,
66896,
51824,
69701,
46983,
69820,
84239,
76085,
73070,
56967,
49618,
77015,
82621,
68199,
90372,
66243,
74355,
80591,
65166,
83915,
74743,
49259,
55428,
51203,
72678,
84188,
86118,
76899,
49378,
70821,
50801,
72068,
55369,
84448,
67070,
72079,
52267,
49670,
71203,
82680,
71605,
76635,
78320,
76965,
51332,
89370,
77862,
76565,
70372,
78467,
66520,
68444,
71461,
81267,
67664,
71571,
66505,
86837,
80888,
70830,
58258,
91034,
85413,
88328,
69821,
44790,
81176,
81718,
56765,
57929,
75276,
49937,
51891,
45820,
71385,
70732,
66035,
72569,
55173,
89865,
75627,
88196,
78886,
77944,
70805,
49788,
44789,
71935,
92185,
59019,
74762,
73011,
54178,
48171,
75633,
56966,
54054,
77062,
68404,
77552,
72990,
81365,
90020,
70495,
76545,
86925,
77107,
50348,
65798,
71715,
44915,
87407,
67331,
89950,
75383,
75933,
90457,
67301,
80818,
65835,
49485,
74457,
68227,
77046,
88394,
85696,
50291,
52029,
49540,
72150,
72080,
49911,
70021,
81560,
58063,
55123,
86829,
65577,
68732,
77143,
65964,
90480,
84085,
65248,
68659,
69007,
72778,
65999,
82654,
69569,
66027,
67179,
88349,
58855,
68887,
82348,
76986,
77920,
84885,
92040,
56093,
76140,
70466,
66251,
51045,
74900,
70168,
81781,
63529,
71592,
86612,
73101,
47425,
68511,
81809,
73303,
50422,
51359,
47435,
87023,
57253,
53046,
75469,
54192,
89721,
73436,
55341,
81119,
72025,
77620,
70878,
72166,
81681,
76354,
82916,
71949,
68650,
88892,
71801,
47443,
65260,
66377,
86102,
68279,
84069,
67604,
77139,
78265,
86775,
69719,
71148,
79835,
57370,
75358,
55420,
81395,
52397,
90043,
70651,
75328,
81420,
55287,
75185,
82504,
81815,
56905,
88046,
49731,
65825,
51725,
71139,
66738,
76093,
75423,
78104,
81605,
66383,
66420,
66085,
51731,
63545,
67074,
48180,
71753,
66239,
82341,
65633,
66111,
72418,
77811,
88298,
77141,
86803,
77983,
65651,
82664,
88485,
81443,
66506,
69875,
91383,
56922,
67313,
56839,
46209,
72519,
81032,
63316,
74405,
56304,
71426,
48161,
50843,
85638,
66125,
72662,
47763,
55315,
75408,
67029,
51460,
45461,
72603,
58830,
56001,
66290,
79594,
71549,
83745,
52089,
55396,
51165,
70116,
71431,
51329,
86555,
49931,
81409,
83560,
74938,
72531,
65406,
76992,
54285,
75688,
55641,
73164,
47647,
77166,
76505,
51192,
52885,
66036,
86512,
56823,
70157,
93076,
67484,
48398,
69708,
83846,
49481,
81531,
58561,
45729,
71675,
76948,
65496,
87074,
71836,
69765,
71501,
86619,
51462,
59721,
71813,
71602,
70601,
69887,
47388,
44602,
173750,
57841,
80810,
83465,
66702,
59810,
45583,
78873,
70694,
73464,
81326,
85019,
65857,
87835,
76081,
70658,
77229,
70386,
64447,
71729,
57383,
58026,
57177,
71666,
51145,
75816,
86351,
81888,
83836,
72538,
49116,
59561,
88155,
83185,
52140,
86411,
65959,
76019,
75470,
71382,
50311,
65456,
70844,
88390,
56592,
68647,
81161,
67868,
47825,
58815,
85118,
71746,
84279,
70710,
57167,
70420,
53229,
80945,
77263,
68152,
55654,
81069,
66039,
67413,
82816,
50064,
86379,
74197,
84107,
72327,
48395,
47353,
84063,
52400,
88186,
83112,
68327,
72472,
66348,
65971,
55058,
75315,
70942,
48302,
66842,
70788,
74599,
69834,
70782,
66698,
47015,
82284,
56762,
68074,
70428,
81967,
75764,
58368,
72908,
89405,
57159,
75045,
86128,
79416,
92350,
76173,
50027,
82487,
71086,
55971,
82084,
56637,
80914,
49985,
66399,
75164,
88129,
75628,
72264,
45252,
72667,
54847,
79350,
80556,
85444,
87775,
74167,
58593,
65398,
82960,
51466,
69999,
59705,
54418,
49884,
71252,
73134,
81413,
65461,
81554,
74357,
74959,
55090,
70760,
70366,
55311,
49702,
55387,
74805,
82580,
83256,
63327,
77815,
51333,
72983,
75341,
67300,
75334,
51806,
81368,
104527,
64911,
44990,
89849,
70220,
56747,
75406,
68850,
70377,
81322,
49753,
83802,
87059,
47401,
47399,
72152,
44822,
73254,
67068,
86141,
65096,
78303,
68706,
56879,
72433,
77031,
75578,
106456,
52160,
71493,
49901,
74271,
84309,
86540,
70667,
56814,
89634,
75930,
65414,
72340,
68778,
81833,
82663,
50001,
86310,
68396,
85939,
82422,
71455,
54044,
77622,
67783,
65471,
67626,
74376,
76196,
81290,
51159,
82331,
69616,
53108,
76913,
80851,
71168,
50867,
66603,
83742,
65286,
84240,
70049,
49847,
72164,
84872,
72814,
77727,
63426,
72032,
55436,
77081,
71291,
71234,
80699,
52172,
49141,
47709,
50143,
68291,
89391,
71644,
71917,
83747,
67075,
65578,
87941,
71897,
77612,
85145,
74425,
68414,
85658,
44923,
72399,
83151,
72681,
55509,
54794,
84229,
84044,
70324,
47606,
70017,
59709,
67945,
55065,
66211,
56593,
76957,
88821,
75112,
77871,
48347,
69047,
68573,
56904,
72744,
66670,
45593,
81427,
84127,
56019,
73038,
86344,
87021,
59697,
51669,
76940,
78396,
82384,
72989,
49184,
75104,
67160,
90627,
75717,
88810,
69597,
85666,
78698,
68321,
55035,
73415,
67750,
89940,
68219,
87974,
72618,
45864,
74927,
63559,
71638,
65028,
48979,
70570,
65306,
48579,
68880,
70183,
67477,
68897,
71135,
49905,
84392,
80689,
65619,
71803,
76034,
83115,
56845,
45632,
73217,
66325,
59710,
65317,
69832,
58491,
75246,
65007,
57174,
57787,
55595,
45596,
66907,
67139,
47093,
81051,
48556,
55621,
89410,
70881,
90706,
49643,
67358,
71573,
79879,
82639,
81832,
68981,
76584,
75672,
92990,
76453,
68356,
77560,
67589,
76522,
88167,
74298,
87718,
50320,
55987,
58562,
59636,
74984,
77399,
73139,
49765,
51158,
73135,
49615,
78267,
46894,
84150,
56818,
65106,
57135,
65979,
81279,
81432,
81678,
72050,
69816,
91584,
88184,
51503,
48846,
59673,
49633,
67986,
56974,
70691,
65348,
77113,
49274,
72487,
78867,
84424,
71947,
85627,
66102,
66540,
48298,
91165,
65435,
55344,
73463,
57329,
56875,
88733,
81738,
106104,
67914,
75355,
51148,
55587,
77897,
71384,
80217,
67578,
56635,
84394,
67961,
66183,
57145,
55132,
72144,
68739,
83447,
68240,
83762,
49644,
49249,
87827,
82438,
51494,
67430,
81341,
56919,
67688,
84264,
48809,
69876,
65802,
48362,
49462,
81361,
58859,
76031,
81793,
68440,
77005,
55461,
66866,
87256,
69679,
68997,
49779,
58316,
56969,
50148,
56597,
70205,
75058,
72492,
50076,
75270,
49599,
72670,
70866,
84396,
88135,
85909,
65567,
88007,
55922,
69512,
67335,
88580,
54237,
51081,
86220,
44982,
69015,
75175,
75279,
65492,
52030,
72478,
74573,
74922,
69864,
52083,
67392,
76330,
70242,
45373,
75784,
55357,
75841,
77334,
52306,
74356,
70084,
67348,
64990,
81869,
76380,
55513,
83127,
75020,
63317,
66949,
67739,
65598,
81143,
56022,
83758,
70512,
118375,
58017,
68958,
82439,
55347,
65838,
80701,
66647,
83582,
70845,
84236,
76529,
55426,
71081,
65495,
49492,
76860,
77834,
84422,
72278,
71505,
52156,
68054,
53856,
90862,
71557,
56292,
77273,
74547,
90302,
86580,
69895,
51251,
72057,
76047,
76995,
75855,
67735,
57179,
47809,
83825,
65061,
52012,
75188,
67928,
65772,
71023,
67071,
44808,
54980,
77272,
55968,
49206,
82312,
55338,
81160,
49852,
52133,
65792,
71989,
77096,
80757,
75462,
90573,
92896,
66677,
49383,
70914,
81787,
77970,
74419,
69650,
72765,
64913,
74593,
71848,
64970,
66786,
91695,
92355,
49145,
75262,
74652,
71229,
50906,
80500,
49448,
81774,
48450,
78009,
83645,
75016,
66403,
86684,
66143,
86366,
47584,
71875,
76580,
82187,
54179,
81857,
75825,
76726,
67367,
81615,
71547,
58019,
71250,
55218,
73425,
55339,
68271,
77054,
83754,
57800,
67140,
65589,
50844,
50296,
76099,
72284,
75998,
67420,
84103,
49850,
77196,
81677,
67670,
65591,
55162,
49998,
73718,
70882,
55468,
72337,
75065,
80835,
73008,
87830,
70180,
82643,
51471,
70259,
67895,
54068,
66618,
70947,
70809,
47815,
49417,
76483,
66054,
72929,
53092,
46303,
76595,
78562,
77172,
66927,
65787,
77670,
57261,
73131,
75821,
81251,
48385,
81735,
68951,
71682,
69811,
50663,
76274,
83642,
90354,
46946,
66142,
58530,
73225,
45741,
70737,
88286,
55618,
74627,
88323,
71396,
50346,
56778,
70853,
73416,
90334,
66893,
55454,
73094,
72482,
76323,
66496,
67663,
92842,
48848,
50322,
82864,
65128,
73651,
72226,
73155,
45749,
70608,
79349,
66936,
77840,
68316,
45750,
68060,
70560,
67704,
79665,
76918,
67292,
75449,
75760,
48063,
85560,
75256,
71377,
57815,
69516,
49961,
82985,
74836,
77247,
82328,
72853,
74691,
70590,
90586,
66359,
81011,
74169,
81437,
71046,
65133,
77244,
64985,
87072,
84169,
56741,
67942,
69682,
90795,
82349,
66723,
70591,
73276,
87746,
90343,
65819,
91829,
75420,
71060,
67268,
80548,
57747,
86358,
76593,
68829,
55333,
76203,
57447,
45700,
69631,
81556,
54311,
66852,
76050,
76903,
82880,
86127,
80564,
88332,
81239,
57381,
84383,
52889,
72305,
89081,
71134,
70688,
49312,
51493,
86968,
74187,
66017,
55452,
73035,
84119,
58502,
82631,
85461,
65858,
45680,
76641,
74803,
78405,
83903,
73047,
77212,
75770,
76753,
66160,
83517,
67957,
65008,
70028,
81590,
74629,
83755,
45604,
65378,
48788,
52887,
86143,
70549,
83130,
66003,
89878,
49655,
74996,
86327,
68853,
71593,
73461,
69663,
81543,
66535,
65938,
81957,
74683,
77494,
73192,
87199,
81821,
65189,
71128,
83492,
52424,
82111,
67551,
193930,
81848,
76517,
66935,
65129,
88275,
81388,
71407,
46951,
71065,
66386,
81768,
66120,
71783,
68019,
77440,
65161,
53851,
81925,
51254,
72946,
77068,
88655,
91140,
77763,
52340,
86635,
65181,
77225,
82830,
48169,
46098,
66597,
88840,
57858,
68104,
72702,
88800,
51899,
55411,
58298,
58606,
87469,
77180,
48476,
49580,
72530,
83121,
70124,
58499,
76070,
45672,
55086,
101503,
71040,
77794,
76013,
44992,
55608,
46090,
67175,
77313,
84389,
66515,
65552,
74368,
80889,
78605,
52097,
82432,
67581,
76893,
55134,
72159,
74505,
81250,
76306,
65855,
65984,
66186,
66228,
51263,
67314,
49629,
77705,
86088,
82637,
90252,
67289,
55326,
68982,
85340,
74288,
49299,
82069,
72845,
71150,
71507,
72086,
71378,
50596,
71624,
58497,
78862,
45601,
78065,
70128,
72314,
66792,
82445,
70381,
90660,
65405,
54995,
57362,
67518,
74262,
51473,
80944,
67407,
68618,
47697,
49152,
71244,
67082,
51354,
75450,
72958,
83674,
56908,
65046,
71175,
75336,
48836,
74309,
83336,
78657,
85707,
73426,
82476,
75451,
83664,
69906,
85681,
84101,
78892,
65655,
79195,
77899,
58878,
81924,
45259,
82515,
66437,
85928,
65903,
65359,
84839,
88728,
81849,
73119,
67077,
79464,
50286,
45753,
49310,
91804,
69804,
58024,
88162,
72573,
88153,
47833,
48318,
84473,
77274,
66653,
86375,
75403,
85283,
73143,
47411,
50833,
67257,
77201,
65426,
81853,
47884,
71325,
88350,
48496,
68263,
86090,
70664,
74564,
52923,
92362,
72773,
68734,
56777,
71042,
49559,
71310,
50808,
83809,
71054,
50668,
75154,
54305,
82466,
55229,
73077,
45389,
52408,
48340,
66094,
77085,
55960,
76439,
77734,
75473,
55990,
54151,
78505,
65320,
64968,
70019,
68162,
57198,
85679,
86591,
55581,
86661,
68222,
77129,
69032,
55575,
48812,
93193,
57546,
83224,
76319,
76182,
74450,
84157,
66541,
72240,
73287,
68942,
48451,
74844,
73663,
67000,
66084,
78418,
65013,
86354,
58602,
48405,
71295,
73427,
66884,
66300,
54314,
71064,
81302,
65976,
65965,
88530,
80999,
69998,
75844,
68326,
65950,
92849,
66991,
84425,
72408,
76588,
57348,
92109,
72039,
74586,
55959,
66169,
51238,
72063,
92068,
66048,
71544,
81000,
70761,
83437,
58952,
71714,
56813,
92147,
67936,
72653,
68676,
56820,
66894,
84198,
47608,
68211,
88633,
74344,
56772,
56787,
66739,
83955,
71579,
66044,
85943,
88137,
82981,
76865,
82656,
69873,
85591,
72229,
64976,
72664,
49305,
81537,
83855,
53164,
88431,
74914,
52361,
73060,
67676,
74848,
52094,
75291,
70398,
67214,
65050,
76433,
72336,
56987,
86979,
67885,
77978,
68786,
75853,
58020,
51409,
58295,
50926,
65890,
86545,
84516,
73061,
77130,
72151,
71778,
49246,
88442,
70513,
47886,
66664,
75150,
48301,
51511,
86582,
49661,
71793,
72703,
81529,
69874,
59725,
74575,
51030,
72802,
87617,
49669,
73652,
49854,
56923,
63502,
70477,
76211,
77048,
82250,
63539,
84291,
69711,
81301,
90685,
81899,
72992,
76638,
76261,
52113,
91349,
88534,
83122,
87829,
70013,
53106,
74338,
70630,
71275,
83538,
65995,
87468,
56710,
75746,
89219,
50937,
69726,
56298,
58507,
55670,
49826,
65292,
65924,
84245,
71616,
90116,
55071,
75049,
49608,
54632,
67661,
52007,
85866,
75084,
82089,
74745,
90823,
78623,
78271,
66157,
71499,
57350,
77256,
88163,
71706,
87055,
51189,
67756,
66133,
70247,
49433,
68834,
69498,
84390,
81360,
65293,
87999,
70559,
49772,
76864,
67564,
45362,
86312,
84434,
56833,
82459,
76910,
68329,
77246,
51273,
66139,
69950,
88380,
47603,
66449,
45686,
49845,
64958,
80959,
56740,
66110,
49986,
65336,
55379,
66117,
82173,
66453,
45403,
77992,
70454,
53301,
73456,
51713,
55458,
70080,
83845,
86209,
67768,
75371,
67317,
52372,
92039,
72360,
50855,
67650,
68177,
50856,
75103,
76028,
59708,
45655,
71497,
79619,
71513,
104460,
83542,
69019,
75135,
47646,
86198,
101186,
54992,
80977,
82385,
51197,
86157,
78906,
78019,
66765,
86566,
66688,
68292,
83768,
71342,
69966,
66289,
66550,
76044,
58508,
88113,
70395,
75382,
81446,
86396,
82856,
48879,
75400,
84918,
66992,
85633,
84138,
75702,
83860,
55415,
52102,
54802,
68569,
75195,
70072,
67276,
67678,
50020,
85539,
76904,
65929,
65010,
70523,
76902,
67005,
68561,
82885,
76233,
84099,
84022,
86514,
71080,
65187,
66037,
68110,
87274,
76853,
72843,
65222,
69020,
67171,
67702,
87811,
44955,
86145,
50813,
51463,
49824,
77781,
74954,
88347,
72495,
75071,
87111,
69785,
66060,
54799,
74304,
71222,
50950,
75692,
69831,
57227,
55596,
65564,
81751,
68085,
49960,
72390,
51213,
45339,
88278,
86692,
74165,
68436,
75796,
45707,
91665,
91173,
70012,
70722,
76784,
81023,
78694,
92347,
68416,
65917,
71846,
75379,
69854,
72793,
88346,
45086,
51518,
56755,
51427,
71844,
78907,
71000,
45835,
46919,
72751,
78858,
91310,
64951,
86383,
48284,
77519,
68134,
75347,
67500,
54933,
84446,
82488,
71123,
81930,
51356,
75363,
47864,
77749,
81726,
83049,
75002,
66406,
73271,
66769,
51506,
72449,
87265,
79962,
65032,
49920,
74931,
75397,
84162,
69929,
77075,
86817,
83848,
77522,
65894,
47082,
67411,
84318,
45024,
55171,
84361,
81916,
83570,
45863,
45367,
76519,
52028,
75331,
49532,
90898,
74901,
84684,
77500,
67306,
65016,
65901,
72254,
73467,
71659,
83981,
65112,
77782,
77524,
66457,
76866,
65265,
55667,
70432,
70053,
51423,
77617,
70801,
68852,
89596,
81659,
87863,
83862,
81045,
74444,
73235,
82180,
68533,
86992,
75710,
68173,
73080,
49239,
68195,
67598,
45359,
78071,
81398,
85563,
58955,
72322,
47853,
70237,
48343,
49467,
83817,
75712,
74426,
83954,
65373,
48338,
73268,
72849,
86315,
57711,
55320,
92041,
91808,
66181,
76570,
88182,
67365,
47765,
68713,
70916,
65583,
71604,
57326,
46650,
76930,
77018,
74416,
82096,
44930,
85644,
45997,
81229,
80831,
74719,
88799,
76518,
52047,
72831,
77401,
57181,
77146,
57355,
86628,
76881,
71747,
88308,
76553,
75556,
49975,
76506,
71850,
78596,
88201,
82516,
75149,
74517,
67588,
65163,
75056,
82694,
77074,
71711,
68515,
86176,
67378,
90207,
65203,
52039,
75960,
87198,
74852,
76775,
71538,
76566,
77127,
71530,
65287,
67940,
66118,
57843,
75756,
48195,
84102,
55003,
66192,
71565,
49149,
58612,
90053,
76929,
106559,
90248,
83064,
87189,
75742,
81316,
48164,
68328,
50040,
70888,
65076,
72139,
72968,
47424,
71221,
49235,
67706,
86499,
45600,
84357,
70579,
76985,
45807,
75587,
73002,
76150,
69643,
82768,
73494,
57371,
71118,
72304,
49652,
75167,
71933,
73286,
75604,
54228,
89364,
75004,
50806,
81837,
49438,
72524,
70530,
74855,
78436,
67873,
44639,
82652,
73249,
76825,
69567,
77270,
74822,
66552,
64941,
70488,
86896,
70248,
69803,
64933,
58501,
70598,
52392,
52235,
67631,
50306,
75292,
82514,
67887,
51003,
90702,
90346,
72295,
72202,
73264,
74483,
72375,
83355,
47714,
72940,
55366,
54284,
75833,
78395,
66623,
65247,
74815,
74532,
80817,
69964,
71869,
84006,
54993,
71929,
75132,
75703,
81079,
89641,
65851,
77564,
76793,
81729,
70522,
75963,
66785,
75648,
76157,
82620,
86755,
92149,
51000,
71853,
90873,
85770,
66646,
77082,
64401,
86549,
77148,
75129,
66915,
76326,
80975,
76609,
84477,
89303,
69069,
88256,
67777,
74413,
72338,
51449,
54197,
65839,
57496,
71351,
67546,
58599,
50862,
88363,
90689,
74670,
72136,
76043,
69806,
82156,
67486,
70287,
52528,
56763,
49940,
67969,
66231,
78521,
67374,
77304,
65194,
65918,
49883,
92331,
71687,
65914,
69819,
68265,
91852,
82461,
73159,
74756,
68738,
87451,
71951,
81545,
69730,
66245,
81113,
87610,
76658,
85948,
93165,
72265,
84206,
74316,
68616,
68073,
77744,
77507,
72207,
77442,
87308,
65506,
66223,
77566,
77235,
69062,
83656,
67427,
78580,
70206,
73110,
86369,
77722,
56724,
76806,
69555,
77173,
88398,
69981,
83734,
74541,
67471,
63557,
55063,
80183,
55970,
76331,
45588,
74460,
54998,
55385,
66605,
69723,
73132,
72528,
80909,
81565,
93111,
67918,
70735,
77770,
49524,
72260,
81254,
77646,
77241,
46912,
49470,
82167,
75022,
75042,
67090,
55176,
79198,
76454,
87110,
55114,
55409,
67577,
66076,
49268,
92013,
72860,
80721,
85695,
92740,
75819,
69941,
68308,
58352,
45380,
49795,
107597,
76245,
66580,
57563,
70232,
71197,
86705,
48461,
81318,
72415,
81937,
78517,
86406,
71241,
58579,
65853,
75697,
67856,
52310,
85008,
53874,
92941,
68568,
50876,
77055,
86654,
78564,
50277,
48840,
70039,
81235,
73156,
78064,
51643,
66104,
72335,
84056,
49821,
66859,
68803,
70239,
74202,
56826,
65868,
93136,
77001,
51648,
82635,
74814,
75611,
71043,
71205,
84380,
91981,
71019,
69699,
86569,
55980,
49511,
54436,
77678,
77909,
55365,
59535,
67973,
63463,
71363,
56725,
74620,
76027,
52910,
70014,
49823,
51198,
76538,
65184,
78647,
52921,
66427,
77937,
65318,
80149,
86648,
51598,
89693,
65466,
76154,
72490,
57540,
72747,
92344,
78315,
76327,
63536,
76912,
84774,
88863,
87080,
71448,
63390,
68369,
68370,
55354,
70795,
55991,
67807,
88112,
70051,
88996,
81268,
65783,
71185,
84156,
71138,
71386,
59546,
67220,
84130,
66797,
84111,
56613,
57384,
52257,
72466,
67251,
76032,
68023,
72658,
78575,
85641,
58639,
72857,
80947,
76046,
81892,
72578,
72100,
72465,
74934,
49843,
92364,
67536,
81758,
58405,
56804,
67753,
88765,
49708,
72568,
67267,
70498,
85442,
49135,
49214,
66173,
72333,
90451,
72056,
71471,
74385,
76493,
113396,
72339,
87073,
75441,
70362,
69027,
72779,
71495,
86556,
70151,
74853,
64949,
66151,
58317,
65302,
73417,
76286,
70340,
65098,
66774,
47096,
84761,
75338,
52650,
55010,
55376,
50140,
66309,
80934,
72704,
81133,
55543,
90579,
67556,
75273,
72126,
74253,
88302,
86724,
68985,
76952,
54174,
65024,
66553,
66752,
48453,
75289,
84462,
80585,
82398,
53089,
66074,
83637,
89326,
59562,
65510,
86181,
85604,
70189,
75271,
45620,
66462,
86590,
86842,
76155,
51736,
68899,
88038,
54287,
58012,
113405,
49410,
56067,
63524,
68251,
66073,
67212,
58287,
73205,
69657,
67108,
88172,
49719,
88368,
83812,
71004,
49431,
70677,
65237,
90742,
49667,
49832,
52128,
66902,
71281,
66090,
48878,
72859,
70033,
45343,
49219,
83993,
82374,
82411,
70449,
55169,
71611,
67682,
58420,
67474,
77820,
74568,
57548,
66200,
68752,
65347,
86670,
66778,
66788,
81715,
64912,
56851,
66928,
79823,
81458,
85992,
58820,
56736,
77197,
57324,
44966,
87304,
67434,
70325,
49658,
70282,
55345,
68372,
65900,
76683,
58776,
65443,
75744,
90600,
67930,
74163,
84889,
56004,
77149,
81257,
67473,
56849,
70731,
81305,
76187,
66737,
67939,
81293,
70660,
71810,
72319,
49610,
67851,
72758,
86505,
71322,
87295,
103714,
49497,
82290,
69039,
65614,
70096,
68883,
67356,
52313,
88389,
68097,
65179,
83866,
78693,
84026,
49213,
49162,
73430,
56872,
51879,
59674,
81136,
86525,
66587,
65198,
49564,
70174,
65572,
57161,
66588,
49242,
104838,
87483,
75506,
69065,
74466,
83550,
48484,
70627,
75169,
75515,
55304,
72447,
46100,
55306,
67080,
48591,
76973,
50088,
55380,
49866,
49887,
65966,
71018,
64757,
66675,
57932,
84358,
82529,
67233,
73200,
67027,
84090,
71946,
81315,
90983,
67038,
65641,
74887,
49285,
73956,
58050,
87267,
56021,
72912,
85580,
75571,
49109,
84183,
88456,
49923,
75337,
72127,
74161,
83441,
65881,
82993,
76107,
79632,
71704,
72961,
56998,
66409,
84023,
91580,
65935,
45261,
67376,
49288,
79273,
66508,
66943,
70423,
67439,
72791,
65073,
50890,
67990,
90917,
76105,
47389,
59537,
77690,
75767,
56641,
49846,
82228,
48530,
89285,
68495,
87234,
59699,
67222,
76364,
73709,
83364,
54417,
77907,
75955,
51819,
67575,
49461,
70910,
81767,
68453,
69756,
77412,
67906,
82696,
76541,
75583,
54715,
55013,
52281,
83850,
91890,
76879,
74489,
66632,
45609,
72460,
66314,
83541,
66050,
81722,
86112,
54320,
81719,
76758,
84247,
72832,
51130,
69034,
83247,
70233,
49585,
52404,
66891,
81926,
80199,
74872,
81213,
75643,
79379,
82495,
70827,
67480,
78612,
50328,
76773,
65557,
48517,
55158,
65043,
74628,
46939,
50137,
49223,
51893,
83984,
81400,
81066,
72233,
47356,
70848,
85153,
54996,
48549,
73507,
72058,
76757,
90518,
55943,
70538,
75038,
50859,
77122,
73149,
73175,
77406,
65380,
84115,
82534,
84203,
47101,
51185,
65276,
65846,
70142,
45345,
80827,
77109,
65220,
67373,
81004,
45253,
78542,
73090,
73685,
54286,
103267,
48454,
51178,
45692,
83037,
66584,
54796,
77436,
82510,
57923,
66484,
70752,
66394,
48474,
79345,
75060,
77034,
58619,
49489,
88500,
85439,
51483,
70158,
49133,
50873,
69845,
65217,
66696,
68878,
71531,
76480,
66678,
77218,
74681,
75776,
81404,
82183,
74611,
74908,
65330,
48882,
67375,
50841,
64919,
51892,
76059,
72407,
67403,
71319,
69677,
75325,
68633,
84282,
65882,
80956,
76131,
69817,
71748,
55477,
55143,
68712,
87009,
73081,
66604,
49241,
49831,
51437,
70768,
50935,
72329,
82829,
70111,
77621,
70661,
68295,
65331,
58833,
49959,
52135,
86119,
51400,
66793,
47374,
73696,
49981,
71327,
72276,
72742,
48293,
82490,
73755,
47391,
54894,
71584,
88086,
53123,
66476,
65442,
54051,
64402,
86066,
79279,
70165,
70589,
50124,
72644,
87540,
49876,
50035,
66589,
75566,
72776,
67242,
70520,
80979,
93277,
55588,
83830,
54991,
67001,
69846,
82865,
49177,
77205,
84241,
49159,
66141,
57482,
79335,
73741,
77735,
76180,
46651,
46054,
82532,
71838,
86588,
75727,
71463,
63558,
66673,
75320,
49784,
70358,
68527,
75229,
75663,
65476,
74552,
73104,
68092,
70275,
76246,
65157,
49875,
79516,
53878,
74274,
52900,
49848,
73807,
74458,
49994,
65196,
72868,
75444,
76486,
55150,
45381,
72064,
70773,
84513,
66959,
73199,
83606,
88966,
87441,
77153,
70494,
83406,
45766,
91931,
67681,
76807,
69823,
75192,
45346,
72927,
49584,
76110,
81490,
69798,
70332,
87007,
66067,
75496,
91994,
49500,
194044,
73466,
68277,
71305,
77916,
78920,
74303,
76014,
55074,
76438,
45335,
85691,
82660,
49620,
88109,
65544,
75116,
57377,
65551,
86848,
81275,
76975,
72471,
82769,
66146,
73745,
54978,
67443,
68320,
76049,
68150,
71822,
75741,
71648,
66711,
76867,
72543,
81152,
47725,
77685,
64926,
48588,
67448,
50275,
49793,
72574,
70214,
46624,
58794,
66461,
52402,
46091,
54060,
84433,
73490,
76722,
67757,
81281,
59681,
74958,
78379,
88343,
49222,
76482,
77741,
78836,
76981,
81917,
71380,
48586,
67707,
69692,
75088,
71365,
51346,
55073,
77498,
81001,
68791,
76664,
47860,
76284,
72437,
47727,
71430,
72382,
67825,
71029,
54846,
70946,
73485,
69899,
75815,
77175,
54814,
73678,
58335,
73489,
85513,
93130,
75439,
53128,
67275,
74839,
57725,
52522,
58780,
76531,
55213,
47865,
71992,
49459,
70103,
83913,
58322,
83796,
72629,
81824,
86860,
65160,
81135,
70337,
74880,
50312,
71617,
90606,
45249,
45654,
49001,
65300,
52366,
76747,
68273,
67081,
69911,
66001,
48893,
73168,
76350,
70169,
66361,
74700,
75680,
71818,
88150,
80560,
65540,
81617,
76789,
44828,
82364,
70949,
47982,
67064,
65264,
45708,
66881,
75333,
55324,
65880,
67832,
85491,
54052,
76647,
68830,
75610,
67608,
65805,
74775,
73759,
67491,
65281,
91351,
83003,
80301,
68898,
55399,
54061,
83923,
85683,
70281,
65469,
45323,
87216,
85026,
67886,
82647,
49778,
83564,
70525,
90674,
56912,
74231,
67416,
73040,
52899,
67680,
69059,
74265,
74294,
67383,
49476,
87235,
45677,
77026,
87898,
48415,
81406,
49748,
86000,
51887,
78060,
83785,
71975,
71568,
86824,
59687,
75958,
77232,
66166,
52040,
74566,
81827,
56796,
78859,
77072,
93131,
83789,
55656,
82484,
77578,
70088,
70807,
86571,
56817,
75245,
86622,
71500,
81358,
65437,
67034,
83269,
55060,
85110,
71189,
58510,
44961,
68276,
87251,
84224,
81745,
85872,
73216,
45773,
84235,
87644,
45690,
52100,
70132,
45082,
70223,
86814,
53037,
91976,
93164,
77433,
86532,
58478,
58882,
65998,
71756,
83810,
70834,
81419,
50116,
70024,
68282,
87964,
57737,
76887,
72599,
71625,
56900,
45703,
77941,
90308,
57821,
69080,
87735,
49982,
66298,
104327,
82493,
76424,
75265,
63565,
80527,
75319,
58286,
67759,
75203,
58485,
66512,
70785,
74510,
49766,
86500,
68368,
71857,
55140,
86153,
81386,
86552,
51028,
51204,
57812,
52349,
71482,
67247,
56737,
64929,
70164,
85880,
72253,
72215,
92986,
57064,
53853,
88215,
44783,
83794,
75260,
88202,
54230,
75543,
66049,
54050,
65791,
48423,
75298,
57409,
79262,
44936,
69707,
50033,
88125,
89817,
82372,
75428,
72054,
71067,
70967,
57973,
55004,
71560,
57741,
87259,
49539,
58373,
86664,
83219,
80113,
68072,
66396,
86370,
69044,
55152,
83123,
72984,
82492,
72475,
87299,
69622,
86482,
49622,
77603,
68394,
47810,
87514,
85715,
73020,
71524,
85556,
71296,
73274,
54997,
91541,
48493,
72877,
74437,
65253,
66362,
75673,
84806,
74701,
45085,
67054,
57449,
68516,
87226,
77008,
52042,
76351,
92083,
90813,
74492,
76909,
67639,
49225,
86163,
86840,
81430,
83131,
74560,
67938,
67666,
90280,
51255,
90498,
71165,
67096,
44944,
67333,
105869,
78817,
76452,
66885,
81766,
72532,
46079,
47086,
83144,
77449,
80906,
67110,
68729,
78266,
75845,
84525,
48332,
65389,
81483,
48172,
78576,
45079,
69173,
71350,
75145,
65139,
65832,
71070,
80891,
58475,
55984,
51406,
88044,
81248,
45772,
70326,
68864,
56909,
77233,
75174,
76704,
68077,
65436,
78384,
66208,
90648,
67364,
64936,
52886,
49179,
46447,
75945,
68794,
77317,
45393,
76905,
90899,
68881,
75652,
79436,
79957,
57478,
69656,
76933,
68572,
52152,
70918,
66848,
82198,
69960,
48881,
65018,
88205,
70122,
71835,
72000,
70065,
46628,
83709,
53149,
86613,
55390,
67163,
82289,
76932,
67452,
49190,
76281,
55382,
90687,
68823,
72529,
72848,
51512,
84257,
72553,
76513,
58319,
67035,
84137,
66993,
44921,
65395,
44916,
55989,
74834,
86567,
54296,
56806,
48355,
56809,
89275,
50010,
71773,
72355,
83983,
90669,
86331,
71491,
72820,
70592,
51488,
54442,
58559,
84135,
74567,
92511,
84890,
49414,
86658,
65216,
72359,
47408,
58314,
83188,
56633,
83544,
72170,
83417,
66495,
70552,
66491,
45666,
64971,
66492,
78860,
55386,
70971,
88324,
86140,
68232,
74711,
74842,
76481,
67494,
83209,
55942,
90870,
67010,
84062,
92078,
48811,
52013,
55671,
71796,
71034,
55440,
58474,
84196,
48886,
82615,
52095,
74509,
65270,
75322,
67543,
74877,
81450,
54133,
74475,
47357,
74821,
76194,
72249,
76012,
73655,
74219,
69844,
66366,
50305,
58141,
90301,
68021,
83738,
67566,
73078,
66194,
70092,
70966,
69767,
75250,
83966,
54183,
49450,
54809,
83840,
65814,
58614,
83643,
75248,
50887,
80748,
88789,
74813,
88000,
74673,
70529,
55075,
87151,
49668,
65788,
71693,
70515,
75467,
79190,
88255,
57719,
90323,
76846,
84124,
47824,
82684,
70923,
49451,
56964,
75562,
70969,
67152,
85067,
69988,
87215,
87919,
71974,
92199,
83226,
82893,
80984,
77805,
66997,
71020,
68553,
76882,
78629,
75584,
55116,
66815,
49226,
73284,
90697,
92395,
52292,
44935,
71225,
81015,
88273,
70235,
70407,
70822,
68858,
73093,
87254,
64981,
77335,
72374,
49632,
75509,
65639,
81625,
66210,
72864,
87061,
71014,
84110,
69635,
50815,
76359,
86523,
50129,
77403,
57199,
46819,
76464,
44963,
88751,
78066,
74333,
56869,
70729,
77785,
76273,
76741,
47831,
69783,
67587,
80315,
54858,
48396,
87029,
67521,
54214,
53136,
86165,
193932,
86378,
69841,
68243,
66234,
86676,
79815,
52122,
71770,
49624,
72255,
55312,
72723,
54431,
70029,
74991,
80896,
57414,
86574,
74563,
84246,
73298,
54872,
84352,
82419,
86734,
47350,
67209,
46478,
78069,
67734,
74730,
68456,
68063,
66617,
87157,
67042,
76536,
53857,
71344,
73693,
65231,
59629,
67245,
68789,
88383,
72871,
82406,
89968,
75081,
75199,
92361,
68870,
49398,
84265,
67120,
67341,
75838,
82651,
86121,
77777,
76030,
48999,
81538,
69615,
49756,
76666,
101641,
81037,
68461,
54176,
47583,
71656,
76066,
49392,
77707,
70191,
59678,
54058,
71361,
84901,
77150,
80905,
86101,
92480,
58807,
72373,
73269,
52881,
66977,
68438,
75268,
81103,
73447,
72435,
69695,
87395,
72035,
72939,
70182,
84313,
71537,
76991,
66411,
88059,
70636,
72216,
83689,
66149,
72402,
71842,
88206,
52942,
107010,
48824,
86683,
81389,
71204,
88697,
92356,
70876,
86362,
69779,
74757,
80410,
71201,
75615,
74276,
44805,
77765,
45469,
66759,
49631,
86095,
82886,
78067,
86170,
70991,
49265,
87313,
86720,
72209,
84278,
74889,
52261,
65776,
74299,
74671,
66544,
65595,
83804,
82018,
82870,
74415,
65403,
57557,
79858,
54707,
67288,
45365,
76618,
71069,
79342,
87024,
70375,
77250,
81298,
86247,
49851,
47811,
87984,
66813,
74992,
56836,
64920,
54072,
71915,
68229,
65536,
70118,
66838,
88168,
91035,
82736,
55108,
76136,
67105,
84305,
47352,
69324,
71613,
50295,
82105,
55559,
65025,
85779,
65094,
67593,
45575,
67097,
70347,
89308,
78503,
63542,
47390,
71502,
74905,
52897,
82989,
65821,
77798,
68197,
83683,
70806,
58324,
47343,
70524,
51083,
74551,
76082,
68520,
76137,
49694,
55579,
80950,
77132,
88544,
52646,
45610,
79695,
57152,
70792,
83142,
70921,
70135,
50079,
55939,
67116,
83717,
72544,
106723,
66914,
52873,
75757,
74372,
86154,
82576,
52649,
73451,
78779,
68204,
65962,
75254,
88891,
46635,
70030,
55353,
70499,
88284,
77157,
72621,
65080,
80912,
46917,
48361,
86674,
56926,
66829,
67186,
80879,
48707,
75057,
72448,
54344,
74676,
72818,
74109,
90466,
47099,
74618,
86722,
89824,
75961,
71270,
66199,
75565,
75152,
90571,
49379,
54989,
78519,
58357,
71053,
88008,
49776,
47579,
87164,
71446,
64916,
65904,
70873,
77070,
73646,
55066,
55293,
76998,
55570,
52342,
79336,
90279,
76440,
75574,
69644,
46936,
78002,
75055,
78585,
81959,
70159,
56993,
66235,
59540,
66777,
83295,
49912,
90393,
75011,
53152,
67980,
89867,
70988,
75768,
90349,
51442,
67076,
73129,
54848,
55964,
71428,
88721,
85675,
74812,
73227,
84427,
86520,
67307,
70672,
63564,
51414,
92371,
85631,
74332,
90175,
67667,
73246,
51823,
75459,
55335,
54640,
83243,
77814,
82211,
76838,
45247,
65486,
71871,
88979,
82412,
76358,
71913,
58822,
70289,
83652,
70870,
102333,
84981,
88446,
76201,
69021,
66564,
71780,
46808,
87211,
72345,
67400,
55121,
75875,
80519,
70468,
70706,
69022,
86483,
74452,
55113,
72863,
55364,
74379,
67107,
70546,
50798,
57366,
48201,
59531,
66983,
67305,
79941,
55496,
74430,
71728,
59694,
79238,
66960,
67884,
68497,
44840,
49736,
48386,
71457,
84294,
70908,
77757,
49915,
59012,
88004,
55541,
49792,
57316,
66156,
44818,
86723,
82416,
70565,
71620,
68646,
75425,
48430,
48595,
71251,
71651,
86150,
87996,
67567,
69048,
71354,
54074,
72019,
73469,
56971,
77057,
86858,
82706,
69698,
66548,
73800,
67435,
67946,
51212,
70121,
88370,
82235,
49391,
71412,
78626,
71089,
87542,
66201,
55160,
73145,
57363,
77655,
83972,
68179,
82293,
72782,
55659,
81570,
75705,
77844,
72205,
87071,
81791,
81895,
88563,
81942,
83943,
49452,
74794,
82356,
86333,
75178,
84072,
67017,
54003,
82143,
67326,
67360,
92524,
45765,
80901,
77295,
84449,
82449,
81449,
58492,
49412,
72648,
87079,
58378,
74463,
75619,
88031,
75645,
55584,
53876,
58417,
53223,
76781,
82424,
67835,
75204,
87237,
83811,
66682,
70083,
84859,
65991,
74503,
77535,
65052,
65261,
75375,
45825,
76001,
76169,
57062,
71076,
88313,
72934,
67232,
49201,
77224,
57156,
66736,
82268,
49734,
78574,
52253,
82753,
70642,
66972,
58344,
58832,
71214,
77079,
76623,
71591,
67749,
81932,
67504,
72370,
66565,
67270,
78373,
77952,
57394,
70241,
49208,
75230,
48419,
65550,
72266,
65328,
78393,
54084,
71545,
63553,
106300,
77905,
78578,
57075,
49577,
67798,
68070,
49252,
67727,
49503,
75068,
49140,
56705,
88547,
82744,
49952,
84205,
65093,
57724,
67982,
52387,
84892,
58604,
72819,
70832,
70618,
87167,
55109,
47346,
85942,
72331,
70487,
71512,
80928,
77228,
72671,
66161,
72506,
65996,
75534,
92104,
85510,
82320,
65479,
76436,
66213,
87028,
83143,
72134,
77211,
73072,
69647,
48200,
85267,
48322,
65525,
67261,
50365,
76575,
70200,
51813,
76088,
68397,
67941,
49879,
54105,
44917,
47085,
93206,
89698,
72604,
77605,
54101,
76508,
74968,
75803,
90705,
71603,
65180,
68995,
83677,
87293,
78038,
76270,
68325,
66295,
72698,
58853,
49774,
86158,
51809,
71815,
73657,
69006,
70852,
82896,
49604,
58615,
76414,
86498,
69051,
73510,
70972,
66220,
82649,
86854,
55080,
66469,
65948,
49978,
74772,
85411,
54337,
72783,
68215,
65365,
83344,
75655,
66609,
70087,
68882,
73237,
75665,
65233,
45565,
52116,
77755,
50029,
84297,
83254,
69901,
54422,
50074,
54889,
76971,
71348,
47020,
73162,
66285,
88553,
82478,
67177,
88364,
74924,
70989,
71896,
75054,
81010,
58839,
85875,
84826,
74910,
66895,
89180,
75919,
65473,
48457,
67920,
71621,
77111,
82343,
67699,
51740,
77462,
72697,
87082,
70945,
67418,
66043,
55512,
88267,
67047,
49118,
67445,
65593,
78385,
72183,
71418,
81886,
54229,
85184,
74660,
45940,
81309,
73437,
49440,
72826,
72175,
56959,
81217,
76145,
87460,
68636,
75598,
66763,
71239,
54988,
69077,
66364,
51168,
72584,
51217,
87939,
82357,
55480,
76448,
78658,
47420,
55062,
91135,
56976,
76421,
70877,
50146,
53167,
72008,
76754,
82481,
75679,
71187,
63528,
76620,
67515,
76410,
77083,
72979,
64967,
81798,
74926,
67007,
67523,
80746,
74619,
73253,
70209,
88589,
49248,
78339,
74600,
87077,
48594,
51807,
71519,
52146,
57055,
49508,
83149,
72924,
52033,
82033,
69078,
56711,
71336,
91627,
92070,
52911,
66236,
71646,
76897,
90837,
68505,
74211,
72111,
52338,
52098,
70301,
70071,
44907,
68557,
56866,
65539,
55142,
88794,
82401,
65850,
82265,
75114,
65656,
73433,
72002,
67347,
83555,
49780,
48372,
107114,
75823,
86950,
44796,
76514,
51413,
84416,
49968,
66303,
58493,
78413,
67769,
68007,
74411,
77914,
70824,
54053,
56082,
80395,
56989,
82302,
67338,
86850,
57315,
76002,
70304,
57059,
77080,
70198,
51737,
67992,
76783,
51728,
83916,
51804,
85488,
55482,
71847,
92365,
65836,
74917,
75295,
71184,
59008,
65006,
66542,
56615,
68818,
58481,
47756,
88197,
88052,
75542,
74782,
102410,
49403,
75620,
88189,
75266,
57775,
70278,
65942,
55955,
49304,
65416,
81297,
66933,
75177,
52105,
50828,
69847,
66989,
54546,
65120,
67460,
75391,
67517,
73413,
70586,
68167,
46947,
82175,
87013,
49820,
76955,
74645,
57441,
84697,
53998,
74617,
49280,
76797,
70885,
49454,
49526,
58998,
71490,
49861,
69058,
45742,
70749,
74930,
67571,
75335,
55120,
68247,
68259,
80886,
69655,
69965,
51492,
66806,
68281,
67814,
74340,
49203,
66592,
78422,
45987,
45615,
72324,
80878,
87382,
50901,
81807,
49646,
49382,
78898,
72366,
81733,
45837,
92459,
80146,
77099,
69808,
72724,
67672,
82715,
80843,
76817,
65898,
52386,
71311,
53842,
75759,
66811,
84284,
66238,
70379,
82494,
49777,
77508,
49405,
76892,
84450,
86359,
67852,
78368,
65953,
90478,
72691,
83816,
69909,
65879,
74393,
57697,
66465,
74540,
54326,
75563,
72558,
70446,
56975,
65774,
83847,
65425,
48428,
93184,
83965,
71804,
68187,
66900,
90663,
65790,
59724,
58325,
67472,
58364,
88252,
54871,
71403,
48801,
75009,
72141,
69667,
52148,
68114,
84432,
66022,
49690,
67106,
68492,
66391,
81672,
59685,
68998,
71099,
65812,
71546,
50084,
58626,
84051,
68843,
56945,
49621,
57488,
71843,
68999,
49696,
85492,
48370,
54046,
75471,
71586,
76063,
66697,
77137,
84470,
74871,
75997,
86642,
91989,
77608,
72379,
81901,
91027,
78568,
65500,
56968,
76166,
51133,
75109,
71543,
70833,
76636,
71952,
67045,
65472,
52037,
67737,
57550,
80737,
65126,
65450,
88497,
81701,
74831,
71454,
74764,
86725,
45374,
49563,
55999,
79530,
72077,
70390,
75329,
77985,
67705,
54985,
81879,
58683,
57740,
70022,
63540,
70175,
69915,
58605,
66246,
75127,
92309,
72846,
88710,
81346,
88146,
55569,
83644,
70516,
78359,
49560,
65840,
72866,
75524,
65322,
70170,
75436,
75840,
51275,
67072,
75139,
54642,
71022,
66056,
81535,
66556,
56935,
69601,
66132,
65602,
49900,
58305,
56678,
66784,
72274,
66555,
67379,
57750,
54863,
76628,
82174,
70842,
69886,
77476,
72600,
69940,
74920,
72099,
88521,
50796,
81731,
85554,
85311,
70489,
77131,
47371,
44830,
57188,
82887,
72545,
70889,
47965,
88686,
73000,
82465,
69075,
93189,
67687,
50026,
77027,
65869,
45971,
75163,
66040,
77984,
78877,
84219,
68920,
76310,
82831,
84440,
85170,
71775,
77958,
68244,
76158,
44913,
82282,
48391,
71212,
72617,
64999,
71195,
88335,
57334,
58355,
81642,
77742,
86026,
52258,
72463,
75854,
84254,
71160,
74995,
77437,
77771,
51157,
82330,
70631,
87300,
65913,
72269,
47387,
77746,
65988,
57701,
49250,
70215,
66551,
50132,
84865,
72247,
66237,
54335,
59704,
75635,
65284,
68153,
72425,
68954,
88209,
77039,
73190,
73682,
56861,
65409,
90351,
86144,
90458,
74535,
75761,
71174,
55351,
90051,
65110,
77876,
52080,
66882,
86696,
87899,
89243,
86977,
66892,
76455,
84386,
48932,
71357,
71009,
70334,
76291,
70294,
72133,
56921,
74705,
55435,
76262,
82237,
71709,
74896,
71860,
49160,
74861,
70508,
90021,
69641,
49995,
74570,
84881,
69994,
47983,
68280,
82530,
76265,
51205,
55092,
71719,
74389,
72790,
86421,
63504,
85726,
65820,
51161,
77854,
48892,
70470,
67748,
50361,
89495,
90336,
86477,
73126,
69912,
55622,
85457,
86325,
63515,
85525,
52371,
77513,
88561,
86326,
65124,
67692,
58339,
66680,
51132,
74375,
70331,
86548,
70922,
104223,
67113,
64992,
86352,
83135,
45325,
74932,
65848,
47376,
65613,
81822,
45849,
82358,
77766,
86868,
72741,
49812,
74963,
56727,
65634,
46906,
65027,
68119,
54328,
68859,
53056,
67802,
72938,
48447,
73069,
65339,
84093,
72601,
70541,
65410,
76972,
83950,
69774,
46104,
51347,
77217,
87895,
45727,
87273,
51144,
90883,
49892,
67204,
58611,
58310,
67843,
74696,
55317,
70267,
71961,
72017,
78563,
46813,
67111,
77939,
73124,
76935,
74342,
54876,
66879,
64982,
69975,
